{
  "feature_columns": [
    "Age",
    "Education",
    "Initial_Capital",
    "Financial_Record_Keeping",
    "Internet_Usage",
    "Business_Plan",
    "Marketing_Effort",
    "Partnership",
    "Parent_Business_Experience",
    "Industry_Experience",
    "Owner_Gender",
    "Professional_Advice",
    "Core_Readiness_Score",
    "Core_Readiness_High",
    "Core_Readiness_Low",
    "Experience_0_2",
    "Experience_3_5",
    "Experience_6_plus",
    "Marketing_High",
    "Marketing_Low",
    "Advice_High",
    "Advice_Low",
    "Plan_x_Capital",
    "Plan_x_Financial_Record",
    "Capital_x_Financial_Record",
    "Internet_x_Marketing",
    "Experience_x_Advice",
    "Partnership_x_Marketing"
  ],
  "scaler_mean": [
    39.89,
    2.875,
    0.49,
    0.495,
    0.45,
    0.51,
    3.995,
    0.455,
    0.47,
    9.89,
    0.555,
    4.0,
    1.945,
    0.295,
    0.345,
    0.145,
    0.16,
    0.695,
    0.43,
    0.43,
    0.46,
    0.445,
    0.3,
    0.265,
    0.23,
    1.765,
    39.93,
    1.98
  ],
  "scaler_scale": [
    12.77371911386813,
    1.4315638302220408,
    0.4998999899979995,
    0.4999749993749687,
    0.49749371855331004,
    0.49989998999799945,
    1.9761009589593341,
    0.49797088268291345,
    0.49909918853871116,
    6.128450048748052,
    0.4969657935914705,
    2.080865204668481,
    1.0059696814516828,
    0.45604276115294284,
    0.4753682782853732,
    0.352100837829165,
    0.36660605559646714,
    0.460407428263272,
    0.4950757517794625,
    0.4950757517794625,
    0.49839743177508444,
    0.49696579359147036,
    0.45825756949558394,
    0.4413332074521472,
    0.4208325082500163,
    2.3853249254556497,
    36.10242512629865,
    2.521824736178151
  ],
  "coef": [
    0.05158917546307307,
    -0.02937279562225703,
    0.3162632177212688,
    0.3715066580033343,
    0.6059704081820357,
    0.42844312101501797,
    -0.0016838387652666764,
    -0.06340362251369669,
    1.0670518932162891,
    0.1172777078704064,
    -0.0038013255703912563,
    0.16783375393700795,
    0.8543887752642573,
    1.0471888051787392,
    -0.2252193491675526,
    -0.33058222201994414,
    -0.33007358024988054,
    0.5156416601534675,
    0.9011680772327448,
    -0.08056781798067936,
    0.8621592782672789,
    -0.062039558757009505,
    0.11767683076902136,
    0.030794422901320784,
    0.16005538737134506,
    -0.0482679136600519,
    -0.04882888935116217,
    0.12741399743042425
  ],
  "intercept": -2.5602639519939205,
  "classes": [
    0,
    1
  ],
  "probA": -2.02054020967712,
  "probB": -0.12217488723718468,
  "threshold": 0.85
}